country_code,datacenter,city,avg_latency,country_name,region
AD,Amsterdam,Andorra la Vella,100,Andorra,Southern Europe
AE,Amsterdam,Dubai,106.748,United Arab Emirates,Western Asia
AL,Amsterdam,Tirana,64.524,Albania,Southern Europe
AM,Amsterdam,Yerevan,66.748,Armenia,Western Asia
AO,Amsterdam,Luanda,420.436,Angola,Middle Africa
AR,Toronto,Buenos Aires,153.277,Argentina,South America
AT,Amsterdam,Vienna,20.123,Austria,Western Europe
AU,Sydney,Sydney,2.729,Australia,Australia and New Zealand
AZ,Amsterdam,Baku,78.513,Azerbaijan,Western Asia
BA,Amsterdam,Novi Travnik,33.953,Bosnia and Herzegovina,Southern Europe
BD,Sydney,Dhaka,300,Bangladesh,Southern Asia
BE,Amsterdam,Brussels,5.758,Belgium,Western Europe
BF,Amsterdam,Ouagadougou,174.28,Burkina Faso,Western Africa
BG,Amsterdam,Sofia,31.089,Bulgaria,Eastern Europe
BH,Amsterdam,Al Muharraq,169.462,Bahrain,Western Asia
BJ,Amsterdam,Cotonou,120.288,Benin,Western Africa
BO,Toronto,La Paz,176.725,Bolivia,South America
BR,Toronto,Sao Paulo,125.402,Brazil,South America
BY,Amsterdam,Minsk,29.175,Belarus,Eastern Europe
CA,Toronto,Montreal,9.557,Canada,Northern America
CH,Amsterdam,Zurich,18.642,Switzerland,Western Europe
CL,Toronto,Vina del Mar,173.518,Chile,South America
CN,Toronto,Guangzhou,218.018,China,Eastern Asia
CO,Columbus,Medellin,88.752,Colombia,South America
CR,Columbus,San Jose,82.487,Costa Rica,Central America
CY,Amsterdam,Larnaca,62.823,Cyprus,Western Asia
CZ,Amsterdam,Prague,17.895,Czechia,Eastern Europe
DE,Amsterdam,Falkenstein,18.463,Germany,Western Europe
DK,Amsterdam,Copenhagen,15.538,Denmark,Northern Europe
EE,Amsterdam,Tallinn,30.6,Estonia,Northern Europe
EG,Amsterdam,Cairo,60.736,Egypt,Northern Africa
ES,Amsterdam,Barcelona,37.984,Spain,Southern Europe
FI,Amsterdam,Helsinki,46.778,Finland,Northern Europe
FR,Amsterdam,Roubaix,9.801,France,Western Europe
GB,Amsterdam,London,11.48,United Kingdom,Northern Europe
GE,Amsterdam,Tbilisi,70.717,Georgia,Western Asia
GR,Amsterdam,Rodos,63.239,Greece,Southern Europe
GT,Toronto,Guatemala City,85.092,Guatemala,Central America
HK,Sydney,Hong Kong,166.38,Hong Kong,Eastern Asia
HR,Amsterdam,Karlovac,33.847,Croatia,Southern Europe
HU,Amsterdam,Budapest,30.669,Hungary,Eastern Europe
ID,Sydney,Jakarta,195.613,Indonesia,South-eastern Asia
IE,Amsterdam,Dublin,19.609,Ireland,Northern Europe
IL,Amsterdam,Tel Aviv,61.14,Israel,Western Asia
IN,Amsterdam,Mumbai,172.157,India,Southern Asia
IS,Amsterdam,Reykjavik,39.325,Iceland,Northern Europe
IT,Amsterdam,Milan,20.187,Italy,Southern Europe
JP,Sydney,Tokyo,112.614,Japan,Eastern Asia
KG,Amsterdam,Bishkek,101.952,Kyrgyzstan,Central Asia
KH,Amsterdam,Phnom Penh,199.357,Cambodia,South-eastern Asia
KR,Columbus,Seoul,178.635,South Korea,Eastern Asia
KZ,Amsterdam,Pavlodar,185.679,Kazakhstan,Central Asia
LB,Amsterdam,Sidon,61.373,Lebanon,Western Asia
LC,Toronto,Gros Islet,9.155,Saint Lucia,Caribbean
LT,Amsterdam,Vilnius,32.786,Lithuania,Northern Europe
LU,Amsterdam,Luxembourg,18.852,Luxembourg,Western Europe
LV,Amsterdam,Riga,32.389,Latvia,Northern Europe
MA,Amsterdam,Fes,40.244,Morocco,Northern Africa
MD,Amsterdam,Chisinau,44.274,Moldova,Eastern Europe
MK,Amsterdam,Skopje,35.061,North Macedonia,Southern Europe
MM,Sydney,Yangon,186.562,Myanmar,South-eastern Asia
MT,Amsterdam,San Pawl il-Bahar,49.227,Malta,Southern Europe
MX,Columbus,Queretaro,52.766,Mexico,Central America
MY,Sydney,Johor Bahru,152.235,Malaysia,South-eastern Asia
NA,Amsterdam,Windhoek,185.7,Namibia,Southern Africa
NG,Amsterdam,Lagos,126.567,Nigeria,Western Africa
NL,Amsterdam,Amsterdam,2.821,Netherlands,Western Europe
NO,Amsterdam,Oslo,23.434,Norway,Northern Europe
NP,Sydney,Kathmandu,231.699,Nepal,Southern Asia
NZ,Sydney,Auckland,173.39,New Zealand,Australia and New Zealand
OM,Amsterdam,Muscat,125.978,Oman,Western Asia
PA,Toronto,Panama,89.257,Panama,Central America
PE,Columbus,Lima,169.955,Peru,South America
PH,Sydney,Manila,179.259,Philippines,South-eastern Asia
PK,Amsterdam,Islamabad,138.468,Pakistan,Southern Asia
PL,Amsterdam,Warsaw,28.849,Poland,Eastern Europe
PT,Amsterdam,Gondomar,43.447,Portugal,Southern Europe
PY,Toronto,Asuncion,177.664,Paraguay,South America
QA,Amsterdam,Doha,100.943,Qatar,Western Asia
RO,Amsterdam,Oradea,42.507,Romania,Eastern Europe
RS,Amsterdam,Belgrade,34.199,Serbia,Southern Europe
SA,Amsterdam,Jeddah,77.603,Saudi Arabia,Western Asia
SB,Sydney,Honiara,151.974,Solomon Islands,Melanesia
SC,Amsterdam,Victoria,186.114,Seychelles,Eastern Africa
SE,Amsterdam,Stockholm,25.691,Sweden,Northern Europe
SG,Amsterdam,Singapore,155.115,Singapore,South-eastern Asia
SI,Amsterdam,Ljubljana,23.562,Slovenia,Southern Europe
SK,Amsterdam,Bratislava,24.207,Slovakia,Eastern Europe
SL,Amsterdam,Freetown,128.917,Sierra Leone,Western Africa
TH,Sydney,Bangkok,185.091,Thailand,South-eastern Asia
TJ,Amsterdam,Dushanbe,149.468,Tajikistan,Central Asia
TN,Amsterdam,Tunis,39.464,Tunisia,Northern Africa
TR,Amsterdam,Istanbul,45.391,Turkey,Western Asia
TT,Columbus,Princes Town,86.183,Trinidad and Tobago,Caribbean
TW,Sydney,Taipei,179.834,Taiwan,Eastern Asia
UA,Amsterdam,Kyiv,36.585,Ukraine,Eastern Europe
UG,Amsterdam,Kampala,252.648,Uganda,Eastern Africa
US,Columbus,Santa Clara,30,United States of America,Northern America
UY,Toronto,Montevideo,156.963,Uruguay,South America
VE,Toronto,Barquisimeto,78.704,Venezuela,South America
VN,Sydney,Ho Chi Minh City,197.921,Vietnam,South-eastern Asia
ZA,Amsterdam,Johannesburg,165.802,South Africa,Southern Africa
